repetition,load_factor,algorithm,k_paths,duration_ms,max_delay,avg_delay,sla_violations,min_capacity_margin,rep,scenario
0,1.0,greedy,3,0.059125013649463654,0.25555555555555554,0.25555555555555554,0.0,9.0,0,config_custom_triangle_manual
0,1.0,local_search,3,1.2544170022010803,0.25555555555555554,0.25555555555555554,0.0,9.0,0,config_custom_triangle_manual
0,1.0,grasp,3,10.701417020754889,0.25555555555555554,0.25555555555555554,0.0,9.0,0,config_custom_triangle_manual
0,1.0,ga,3,1656.5435840166174,0.25555555555555554,0.25555555555555554,0.0,9.0,0,config_custom_triangle_manual
0,1.0,ilp,3,54.033458000048995,0.25555555555555554,0.25555555555555554,0.0,9.0,0,config_custom_triangle_manual
